timestamp,open,high,low,close,volume
2015-01-01,100.0000,100.0519,99.8137,99.8471,1644492
2015-01-02,99.8471,101.1051,99.5516,100.7082,1243716
2015-01-03,100.7082,101.9755,100.4996,101.8094,1159806
2015-01-04,101.8094,102.3043,101.5750,101.9895,1601601
2015-01-05,101.9895,102.3000,101.0316,101.1063,1797498
2015-01-06,101.1063,103.0713,100.7318,102.7172,434829
2015-01-07,102.7172,102.9835,101.9464,102.3779,805889
2015-01-08,102.3779,105.2011,102.1980,104.9546,852834
2015-01-09,104.9546,106.3147,104.7757,105.9609,1224551
2015-01-10,105.9609,106.4695,103.5579,104.0563,265255
2015-01-11,104.0563,104.2449,101.4063,101.8532,1310795
2015-01-12,101.8532,101.8944,100.1191,100.2258,1486769
2015-01-13,100.2258,100.6300,100.0339,100.3835,311815
2015-01-14,100.3835,101.0676,100.1571,100.8250,1849256
2015-01-15,100.8250,101.0434,100.0172,100.0767,1533503
2015-01-16,100.0767,101.2611,99.7468,101.0128,458903
2015-01-17,101.0128,101.0611,99.9138,100.1454,1442176
2015-01-18,100.1454,100.4697,99.9496,100.3894,780070
2015-01-19,100.3894,101.9973,100.3793,101.5574,761552
2015-01-20,101.5574,101.9783,101.4918,101.8863,1289462
2015-01-21,101.8863,102.8524,101.7146,102.6647,1448158
2015-01-22,102.6647,102.8983,101.5996,101.6608,617215
2015-01-23,101.6608,102.0401,101.6272,101.6333,1323757
2015-01-24,101.6333,101.8064,100.2387,100.3639,390102
2015-01-25,100.3639,100.3717,99.7210,99.8591,1415849
2015-01-26,99.8591,100.2905,99.4770,100.0475,1350760
2015-01-27,100.0475,101.2677,99.6793,101.1521,1260198
2015-01-28,101.1521,101.1817,101.1006,101.1360,1611463
2015-01-29,101.1360,103.4772,101.1332,103.0535,813399
2015-01-30,103.0535,103.3059,100.7497,100.9584,1051527
2015-01-31,100.9584,102.9270,100.8051,102.9169,1697950
2015-02-01,102.9169,103.2124,99.1013,99.6965,1925609
2015-02-02,99.6965,100.1033,97.8995,98.0953,884154
2015-02-03,98.0953,98.1241,97.7120,98.0772,1732898
2015-02-04,98.0772,100.7413,97.8002,100.4254,334603
2015-02-05,100.4254,100.9838,99.3681,99.6326,1844129
2015-02-06,99.6326,100.1694,99.6105,99.9615,265165
2015-02-07,99.9615,101.8334,99.7841,101.5317,245149
2015-02-08,101.5317,103.0931,101.2169,103.0405,1253021
2015-02-09,103.0405,104.5460,102.7145,104.3511,1372119
2015-02-10,104.3511,104.4514,103.1192,103.6069,521844
2015-02-11,103.6069,103.6792,102.8321,103.1359,1508629
2015-02-12,103.1359,103.4045,102.2196,102.3746,571224
2015-02-13,102.3746,102.4329,102.3016,102.3263,1261657
2015-02-14,102.3263,102.6698,101.9352,102.4547,580125
2015-02-15,102.4547,103.2956,102.4228,103.2243,792958
2015-02-16,103.2243,104.1684,103.1195,104.0692,377478
2015-02-17,104.0692,104.1769,102.7004,103.3328,1308403
2015-02-18,103.3328,103.4256,101.1428,101.2125,303278
2015-02-19,101.2125,101.3662,100.2572,100.4943,962143
2015-02-20,100.4943,100.5945,98.2127,98.6072,306397
2015-02-21,98.6072,99.0505,95.4350,95.6071,1778964
2015-02-22,95.6071,96.3529,95.4923,96.1862,984749
2015-02-23,96.1862,97.5092,95.8923,97.3771,1933929
2015-02-24,97.3771,98.6651,97.1393,98.5168,206091
2015-02-25,98.5168,98.7295,97.0953,97.3930,130949
2015-02-26,97.3930,100.1642,97.2906,100.0315,1118463
2015-02-27,100.0315,100.6276,99.3926,99.4623,1992559
2015-02-28,99.4623,100.6751,99.2291,100.5691,1744315
2015-03-01,100.5691,100.6232,100.2607,100.5018,1560858
2015-03-02,100.5018,104.6112,100.0510,104.3389,424632
2015-03-03,104.3389,104.4198,103.4729,103.6755,222648
2015-03-04,103.6755,103.8611,102.3283,102.3296,1325109
2015-03-05,102.3296,103.0112,101.8290,101.9288,1213852
2015-03-06,101.9288,104.3206,101.7570,103.6593,1347879
2015-03-07,103.6593,104.6301,103.4031,104.0648,946778
2015-03-08,104.0648,106.4580,104.0548,106.0007,1398937
2015-03-09,106.0007,108.1422,105.7714,107.7305,1285366
2015-03-10,107.7305,107.8382,104.6214,104.7628,600560
2015-03-11,104.7628,106.7138,104.5971,106.6972,1453713
2015-03-12,106.6972,106.9626,106.3721,106.3736,1061094
2015-03-13,106.3736,106.6708,105.6175,105.8995,309675
2015-03-14,105.8995,106.8075,105.8290,106.7090,1947306
2015-03-15,106.7090,109.9199,106.6086,109.6962,697661
2015-03-16,109.6962,111.6121,109.5660,111.0840,1792611
2015-03-17,111.0840,111.1077,109.3164,109.3503,1813591
2015-03-18,109.3503,109.6060,105.9872,106.5087,654625
2015-03-19,106.5087,108.2343,106.4079,108.1188,1260194
2015-03-20,108.1188,108.9512,108.0460,108.7313,1541785
2015-03-21,108.7313,110.0840,108.5405,109.9123,1124525
2015-03-22,109.9123,110.6345,109.4682,109.9140,1839269
2015-03-23,109.9140,110.5277,109.8866,110.5230,1717154
2015-03-24,110.5230,113.7615,110.3342,113.0674,1579891
2015-03-25,113.0674,114.3779,113.0467,114.3349,257797
2015-03-26,114.3349,116.5175,114.2799,116.3365,874302
2015-03-27,116.3365,116.8365,116.2386,116.6644,367272
2015-03-28,116.6644,118.0629,115.8091,117.9753,183665
2015-03-29,117.9753,118.1710,116.3099,116.4523,623301
2015-03-30,116.4523,116.7352,115.1660,115.8246,1401621
2015-03-31,115.8246,115.8272,114.0214,114.8069,596474
2015-04-01,114.8069,118.0375,114.5418,117.3140,151980
2015-04-02,117.3140,117.6576,113.9338,114.6398,1740783
2015-04-03,114.6398,117.1750,114.2276,116.9091,659532
2015-04-04,116.9091,117.2036,114.5511,115.0024,902248
2015-04-05,115.0024,117.4201,114.8929,116.9209,1065325
2015-04-06,116.9209,119.8791,116.3941,119.4897,1927296
2015-04-07,119.4897,119.6353,119.3778,119.5576,1912679
2015-04-08,119.5576,121.3463,119.2965,120.7805,836406
2015-04-09,120.7805,121.0647,119.4392,119.8819,157882
2015-04-10,119.8819,120.5963,119.0635,119.6951,474483
2015-04-11,119.6951,120.1943,115.6630,116.1189,824958
2015-04-12,116.1189,116.6299,115.8194,116.5891,1371312
2015-04-13,116.5891,117.3199,116.4058,117.3026,193085
2015-04-14,117.3026,117.3079,116.7668,116.7865,1791375
2015-04-15,116.7865,116.9202,114.6145,114.6404,863827
2015-04-16,114.6404,115.4022,112.2710,112.6157,792479
2015-04-17,112.6157,112.9642,110.7044,111.2119,1163512
2015-04-18,111.2119,113.3813,110.8935,113.2546,943894
2015-04-19,113.2546,113.6631,112.5359,112.7145,895125
2015-04-20,112.7145,114.9325,112.0592,114.6052,1390828
2015-04-21,114.6052,114.7528,113.2092,113.3545,540785
2015-04-22,113.3545,113.7597,112.1866,112.3760,1473017
2015-04-23,112.3760,112.7031,111.5792,111.7599,1764583
2015-04-24,111.7599,112.2461,110.0063,110.3497,455868
2015-04-25,110.3497,110.5770,109.5496,109.7854,295847
2015-04-26,109.7854,110.0144,107.7460,108.2383,1510954
2015-04-27,108.2383,108.7850,107.3279,107.3875,1096433
2015-04-28,107.3875,108.1489,107.0328,107.7257,1055076
2015-04-29,107.7257,107.9590,106.0138,106.1820,1136784
2015-04-30,106.1820,108.1998,106.0759,108.0518,1542048
2015-05-01,108.0518,110.2534,108.0325,110.2342,991596
2015-05-02,110.2342,110.3503,109.0506,109.6331,1559432
2015-05-03,109.6331,109.6450,109.2322,109.2354,1057269
2015-05-04,109.2354,112.0540,108.9632,111.8031,1213864
2015-05-05,111.8031,113.6601,111.1309,113.6253,1384825
2015-05-06,113.6253,113.9109,112.1057,112.7608,994940
2015-05-07,112.7608,113.9856,112.3150,113.6100,1095464
2015-05-08,113.6100,114.1512,112.1053,112.2788,1861320
2015-05-09,112.2788,112.7156,110.3495,110.8121,675872
2015-05-10,110.8121,111.3007,110.3916,110.5851,591768
2015-05-11,110.5851,110.8736,110.2737,110.4488,584990
2015-05-12,110.4488,110.5904,110.1626,110.2904,548691
2015-05-13,110.2904,111.6924,109.9595,111.5579,533763
2015-05-14,111.5579,111.7234,110.9256,111.2131,1714378
2015-05-15,111.2131,111.4724,109.1102,109.4578,897716
2015-05-16,109.4578,110.2350,107.6154,107.7268,726236
2015-05-17,107.7268,108.4374,107.4044,107.8037,1667653
2015-05-18,107.8037,107.8596,106.8609,107.4364,1982846
2015-05-19,107.4364,107.8483,107.3644,107.6249,804914
2015-05-20,107.6249,108.0516,107.1207,107.7694,1618718
2015-05-21,107.7694,108.8442,107.4557,108.5295,156552
2015-05-22,108.5295,110.2252,108.2889,109.8573,1490411
2015-05-23,109.8573,111.8249,109.6159,111.7434,205454
2015-05-24,111.7434,112.9087,111.4454,112.8895,1053573
2015-05-25,112.8895,113.3972,111.4412,111.8476,1844671
2015-05-26,111.8476,113.9821,111.5463,113.4132,1086304
2015-05-27,113.4132,115.1702,113.0974,115.1180,1463450
2015-05-28,115.1180,115.9283,114.7556,115.1403,184427
2015-05-29,115.1403,116.0981,115.1184,115.2531,419568
2015-05-30,115.2531,115.5710,114.8625,115.5428,339892
2015-05-31,115.5428,115.6378,114.4878,114.6711,451879
2015-06-01,114.6711,115.3682,111.9266,112.4630,1606504
2015-06-02,112.4630,114.7813,112.3056,114.3630,153851
2015-06-03,114.3630,114.7682,114.0476,114.2415,887075
2015-06-04,114.2415,114.5699,112.0750,112.5343,1415422
2015-06-05,112.5343,113.5310,112.0129,113.5074,732464
2015-06-06,113.5074,114.9935,112.7988,114.6172,1741305
2015-06-07,114.6172,117.7837,114.5090,117.3637,1487310
2015-06-08,117.3637,117.6675,115.8698,116.2379,1824552
2015-06-09,116.2379,118.9206,116.2150,118.5422,859563
2015-06-10,118.5422,119.0449,116.7068,116.8061,1638880
2015-06-11,116.8061,117.3095,115.3158,115.3841,1391661
2015-06-12,115.3841,116.4267,115.0159,116.0227,1633073
2015-06-13,116.0227,116.4570,115.8541,116.2000,614840
2015-06-14,116.2000,116.6417,116.0082,116.5116,1074564
2015-06-15,116.5116,116.9816,115.6078,115.8272,805474
2015-06-16,115.8272,118.6427,115.7275,118.5183,1773175
2015-06-17,118.5183,119.4506,118.2307,119.4354,1350227
2015-06-18,119.4354,119.7101,118.2440,119.1113,279543
2015-06-19,119.1113,119.3765,118.7469,119.3567,1264288
2015-06-20,119.3567,120.0414,119.1036,119.4931,1762900
2015-06-21,119.4931,119.7906,118.1628,118.1948,948090
2015-06-22,118.1948,118.4779,117.4359,117.7847,1213423
2015-06-23,117.7847,118.4471,116.0386,117.0235,1254248
2015-06-24,117.0235,117.5015,115.9488,115.9835,353033
2015-06-25,115.9835,117.1116,115.6854,117.0567,1657934
2015-06-26,117.0567,117.1897,114.6643,114.7595,1115438
2015-06-27,114.7595,115.7422,114.3064,115.6655,1694271
2015-06-28,115.6655,115.7091,114.3877,114.5700,577066
2015-06-29,114.5700,115.3142,114.3463,115.1262,1584822
2015-06-30,115.1262,115.1851,113.6394,114.0683,1562590
2015-07-01,114.0683,114.5262,113.6441,113.8116,1678719
2015-07-02,113.8116,113.8513,110.7306,111.0659,1023730
2015-07-03,111.0659,111.5324,109.6911,110.4147,629485
2015-07-04,110.4147,111.9831,110.2680,111.8447,255361
2015-07-05,111.8447,112.2970,110.4107,110.6459,418194
2015-07-06,110.6459,112.0264,110.2940,111.6790,348410
2015-07-07,111.6790,116.0764,111.5550,115.7398,1350168
2015-07-08,115.7398,116.2553,115.3637,116.0145,1028453
2015-07-09,116.0145,116.1505,115.3796,115.8224,999321
2015-07-10,115.8224,116.2774,114.7474,115.1853,1699575
2015-07-11,115.1853,115.2477,113.5393,113.7661,1485018
2015-07-12,113.7661,114.7956,113.5775,114.6712,956723
2015-07-13,114.6712,115.1108,114.2955,114.4365,710815
2015-07-14,114.4365,115.6260,114.2976,115.5677,249274
2015-07-15,115.5677,118.5898,114.8409,118.2811,1752195
2015-07-16,118.2811,119.2502,118.2028,118.7903,340703
2015-07-17,118.7903,119.2850,117.7802,117.9214,657071
2015-07-18,117.9214,118.3182,117.7685,118.1972,1670678
2015-07-19,118.1972,119.6340,117.4833,119.2712,1020971
2015-07-20,119.2712,121.2375,119.0055,120.8475,1149566
2015-07-21,120.8475,121.2243,117.4813,117.5754,1354173
2015-07-22,117.5754,119.1470,117.4579,119.0529,291526
2015-07-23,119.0529,120.1224,118.5226,120.0512,1904634
2015-07-24,120.0512,120.4534,116.4030,116.9270,665205
2015-07-25,116.9270,117.4731,116.6526,116.9447,467401
2015-07-26,116.9447,117.0386,114.7768,114.9654,1327525
2015-07-27,114.9654,115.5476,114.3018,114.5490,291349
2015-07-28,114.5490,114.6150,113.1196,113.1885,437274
2015-07-29,113.1885,114.0395,112.7305,113.7871,704436
2015-07-30,113.7871,114.0816,113.0827,113.0888,284674
2015-07-31,113.0888,113.2070,112.4664,112.7411,1720150
2015-08-01,112.7411,112.9714,110.9350,111.4231,1237901
2015-08-02,111.4231,111.5315,111.2730,111.2994,1187246
2015-08-03,111.2994,111.7277,109.4788,109.8715,526892
2015-08-04,109.8715,109.8902,108.1432,108.3144,704040
2015-08-05,108.3144,108.5051,105.8532,106.4742,1376896
2015-08-06,106.4742,109.0271,105.9957,108.8704,751690
2015-08-07,108.8704,109.0005,106.4832,107.3198,337945
2015-08-08,107.3198,109.7203,107.2812,109.5608,1845130
2015-08-09,109.5608,111.9543,109.4272,111.3156,971346
2015-08-10,111.3156,113.8380,110.5095,113.3545,611140
2015-08-11,113.3545,113.4054,112.4780,112.6446,1665088
2015-08-12,112.6446,114.8673,112.1804,114.3697,679332
2015-08-13,114.3697,115.4442,114.0464,114.7751,660301
2015-08-14,114.7751,116.9690,114.5215,116.8464,726116
2015-08-15,116.8464,118.2315,116.4702,117.8345,1036477
2015-08-16,117.8345,118.1502,115.3917,115.4682,1257454
2015-08-17,115.4682,115.9366,114.8303,115.6002,1562760
2015-08-18,115.6002,115.6242,114.1401,114.4767,1895189
2015-08-19,114.4767,114.6666,114.4589,114.5652,1801647
2015-08-20,114.5652,115.3188,111.7567,112.4405,1761769
2015-08-21,112.4405,114.9636,112.3479,114.0946,1153380
2015-08-22,114.0946,114.4288,114.0282,114.1284,310479
2015-08-23,114.1284,115.4539,113.7551,115.1893,1615074
2015-08-24,115.1893,115.6208,114.4152,114.9644,423718
2015-08-25,114.9644,117.4102,114.9190,117.1325,933582
2015-08-26,117.1325,119.5222,116.5774,119.1112,1887489
2015-08-27,119.1112,119.5036,117.8494,118.3272,1961093
2015-08-28,118.3272,118.3697,117.0686,117.7843,175285
2015-08-29,117.7843,117.9583,116.9272,117.0430,577073
2015-08-30,117.0430,117.0506,115.6358,116.0070,306450
2015-08-31,116.0070,116.7142,115.8376,116.1716,728025
2015-09-01,116.1716,116.7796,116.1107,116.6914,1769633
2015-09-02,116.6914,118.0680,116.4538,117.9529,964135
2015-09-03,117.9529,119.0001,117.7003,118.4233,456481
2015-09-04,118.4233,119.7685,118.0248,119.3310,1143683
2015-09-05,119.3310,120.9875,119.2274,120.8155,1067101
2015-09-06,120.8155,121.1220,119.4142,119.7982,1075706
2015-09-07,119.7982,120.2381,116.8476,117.1551,431298
2015-09-08,117.1551,120.5977,116.8597,120.2087,989840
2015-09-09,120.2087,120.3546,119.7679,120.1384,733595
2015-09-10,120.1384,120.9468,119.8747,120.6082,1299408
2015-09-11,120.6082,120.9363,120.3734,120.7445,1566494
2015-09-12,120.7445,121.7048,119.4898,119.6465,1286839
2015-09-13,119.6465,120.0588,118.2428,118.7063,202853
2015-09-14,118.7063,121.0426,118.3238,120.7237,1726846
2015-09-15,120.7237,120.8733,117.5719,118.0333,838870
2015-09-16,118.0333,118.4609,118.0310,118.2349,1709502
2015-09-17,118.2349,121.0134,117.6651,120.6402,1417531
2015-09-18,120.6402,122.6269,120.0216,122.3312,169970
2015-09-19,122.3312,123.5160,122.0456,122.9902,289023
2015-09-20,122.9902,124.2997,122.7772,124.1216,1749436
2015-09-21,124.1216,125.6184,123.8781,124.6513,1213278
2015-09-22,124.6513,124.6547,123.0633,123.4831,1110508
2015-09-23,123.4831,126.6389,123.4200,126.3286,1925354
2015-09-24,126.3286,126.4877,125.7546,125.9572,573148
2015-09-25,125.9572,126.3442,125.3236,125.7900,933432
2015-09-26,125.7900,128.6275,125.3462,128.4853,129189
2015-09-27,128.4853,130.5659,128.2881,130.5476,872980
2015-09-28,130.5476,131.0652,128.8603,129.4829,879036
2015-09-29,129.4829,129.7033,127.8687,128.0452,152480
2015-09-30,128.0452,128.6730,125.1382,125.3812,1458225
2015-10-01,125.3812,127.8840,125.1100,127.2281,1570265
2015-10-02,127.2281,127.5983,126.1627,126.7498,738298
2015-10-03,126.7498,129.7989,126.7450,129.6058,592411
2015-10-04,129.6058,130.4068,129.0508,130.2695,1658477
2015-10-05,130.2695,131.1260,129.8096,130.9644,1331741
2015-10-06,130.9644,131.1918,130.7921,130.9464,1126235
2015-10-07,130.9464,132.0349,130.3290,131.3383,686657
2015-10-08,131.3383,132.9274,130.4326,132.8491,1894009
2015-10-09,132.8491,134.9742,131.9971,134.2372,870357
2015-10-10,134.2372,134.5438,129.7421,129.9901,498057
2015-10-11,129.9901,132.1770,129.8013,131.2356,1828453
2015-10-12,131.2356,131.3985,128.7048,129.0332,144789
2015-10-13,129.0332,129.3644,127.3284,127.4360,364081
2015-10-14,127.4360,127.9528,127.2024,127.7002,1329734
2015-10-15,127.7002,127.8644,125.2718,126.0177,789039
2015-10-16,126.0177,127.1105,125.7667,126.4495,403432
2015-10-17,126.4495,126.9209,125.7444,125.7812,1774604
2015-10-18,125.7812,127.3185,125.7168,126.8206,1756717
2015-10-19,126.8206,127.0098,126.3281,126.8884,133095
2015-10-20,126.8884,127.2540,126.8642,127.1427,1663773
2015-10-21,127.1427,127.5260,125.1467,125.3062,859250
2015-10-22,125.3062,125.3212,123.7098,124.6111,190943
2015-10-23,124.6111,124.7277,123.7398,124.5490,1481819
2015-10-24,124.5490,124.6046,122.8073,122.9347,1104497
2015-10-25,122.9347,123.1578,122.5240,122.8421,326412
2015-10-26,122.8421,122.8915,119.5081,119.6400,1375692
2015-10-27,119.6400,120.0379,119.4904,119.9265,1409288
2015-10-28,119.9265,120.2631,118.2101,118.7342,1212658
2015-10-29,118.7342,122.9817,118.3281,122.8600,1002193
2015-10-30,122.8600,125.0866,122.5381,124.7469,1712631
2015-10-31,124.7469,125.4579,122.8031,123.0375,1001922
2015-11-01,123.0375,123.1171,121.8341,122.0475,972393
2015-11-02,122.0475,123.4780,121.7331,123.4370,755409
2015-11-03,123.4370,123.7458,122.2535,122.7324,240788
2015-11-04,122.7324,125.6207,122.6480,125.4871,1005710
2015-11-05,125.4871,127.8967,125.3054,127.5392,1329906
2015-11-06,127.5392,128.0125,125.6281,125.7586,1505119
2015-11-07,125.7586,127.0446,125.4398,126.7977,1920521
2015-11-08,126.7977,126.9045,124.5774,124.6387,703202
2015-11-09,124.6387,124.8440,123.3131,123.5393,1477275
2015-11-10,123.5393,124.2533,123.0019,123.0818,834242
2015-11-11,123.0818,124.1977,123.0436,123.9039,1792865
2015-11-12,123.9039,124.3343,121.7898,121.9921,1709422
2015-11-13,121.9921,123.3199,121.9394,122.8579,1479572
2015-11-14,122.8579,122.9971,122.3620,122.6168,478359
2015-11-15,122.6168,123.2338,121.9774,122.2779,480435
2015-11-16,122.2779,122.6022,121.3124,121.6566,940505
2015-11-17,121.6566,124.1133,121.4990,123.8547,1212502
2015-11-18,123.8547,123.9390,123.3864,123.7646,814910
2015-11-19,123.7646,124.7643,123.3662,124.4947,1350371
2015-11-20,124.4947,127.8050,124.4322,127.6966,430112
2015-11-21,127.6966,127.8582,127.3354,127.7358,989223
2015-11-22,127.7358,128.9898,127.6986,128.5748,672872
2015-11-23,128.5748,129.4504,128.4695,128.9974,1522326
2015-11-24,128.9974,129.8386,128.5949,129.6435,1499078
2015-11-25,129.6435,129.8997,129.1457,129.2753,528706
2015-11-26,129.2753,129.3601,128.9971,129.2504,387802
2015-11-27,129.2504,129.7098,128.9188,129.3901,1003149
2015-11-28,129.3901,130.8352,129.0511,130.6626,1575705
2015-11-29,130.6626,131.4373,130.4821,130.9387,932718
2015-11-30,130.9387,131.0133,129.5988,129.6861,139303
2015-12-01,129.6861,129.7253,128.9471,129.1054,948136
2015-12-02,129.1054,130.7476,128.7156,130.6449,341536
2015-12-03,130.6449,131.2182,126.8585,127.2957,1064893
2015-12-04,127.2957,131.0267,126.5493,130.5929,284821
2015-12-05,130.5929,130.6647,129.5730,129.9355,264934
2015-12-06,129.9355,130.8495,129.7309,130.5817,812010
2015-12-07,130.5817,131.7643,130.0896,131.0917,1212758
2015-12-08,131.0917,133.0069,131.0383,132.1466,832693
2015-12-09,132.1466,132.9508,129.6674,129.8018,315596
2015-12-10,129.8018,129.9582,128.9261,129.1305,1363322
2015-12-11,129.1305,131.1968,128.2829,130.6548,1416904
2015-12-12,130.6548,133.1038,130.6305,132.4384,1693577
2015-12-13,132.4384,132.7260,129.9413,130.3554,1409717
2015-12-14,130.3554,130.8173,127.9440,128.8657,762991
2015-12-15,128.8657,129.3490,128.5588,129.2305,676032
2015-12-16,129.2305,130.0285,129.0343,129.7242,255589
2015-12-17,129.7242,130.1206,128.4326,129.1177,260916
2015-12-18,129.1177,130.8275,128.2765,130.1669,289365
2015-12-19,130.1669,130.4741,128.3216,128.7994,1760562
2015-12-20,128.7994,129.2891,128.6878,129.2813,1798307
2015-12-21,129.2813,129.3903,128.0460,128.4051,229758
2015-12-22,128.4051,129.0745,127.1033,127.3166,1856107
2015-12-23,127.3166,127.8199,125.7698,126.0024,619556
2015-12-24,126.0024,126.3076,124.8818,126.0010,1199051
2015-12-25,126.0010,126.0326,124.9327,125.1462,957251
2015-12-26,125.1462,126.1361,124.5870,126.0488,209818
2015-12-27,126.0488,127.1386,125.8946,126.6068,1522664
2015-12-28,126.6068,127.1241,126.4176,126.9046,1885863
2015-12-29,126.9046,127.5944,124.8578,125.0941,1322093
2015-12-30,125.0941,125.5264,123.4419,124.1530,750603
2015-12-31,124.1530,126.5559,123.7632,126.4375,277668
2016-01-01,126.4375,127.8800,126.0942,127.7437,1760235
2016-01-02,127.7437,127.9202,127.1192,127.3898,1537418
2016-01-03,127.3898,127.5341,123.7843,123.8704,1506048
2016-01-04,123.8704,124.0334,122.4955,122.6463,549194
2016-01-05,122.6463,123.7200,122.1204,123.3761,502664
2016-01-06,123.3761,123.7185,122.7444,123.5191,312107
2016-01-07,123.5191,125.3426,123.4968,124.8764,1649048
2016-01-08,124.8764,125.2805,124.5452,125.2109,374829
2016-01-09,125.2109,127.6079,125.0862,127.4266,479261
2016-01-10,127.4266,129.3150,127.3432,128.7365,1017867
2016-01-11,128.7365,129.0904,127.7971,127.8961,1609080
2016-01-12,127.8961,128.4669,127.7573,128.0519,1041470
2016-01-13,128.0519,130.5986,127.7693,130.5695,1795807
2016-01-14,130.5695,132.1555,130.3662,131.3224,1296256
2016-01-15,131.3224,134.0206,131.2796,133.5768,690918
2016-01-16,133.5768,134.4043,133.3689,133.9366,518796
2016-01-17,133.9366,134.5006,133.7286,134.4309,624294
2016-01-18,134.4309,136.3565,133.7815,136.2059,1591915
2016-01-19,136.2059,139.4547,135.5487,138.9934,697820
2016-01-20,138.9934,139.9982,138.5181,139.8734,1842831
2016-01-21,139.8734,141.4744,139.4848,140.5321,565647
2016-01-22,140.5321,142.7951,140.1366,141.9865,931424
2016-01-23,141.9865,142.2988,141.2646,141.2685,271139
2016-01-24,141.2685,141.3402,140.2767,141.0103,1463066
2016-01-25,141.0103,141.1316,139.4738,139.6763,180327
2016-01-26,139.6763,140.4437,138.9041,138.9799,1579616
2016-01-27,138.9799,139.5454,138.0373,138.1478,1999720
2016-01-28,138.1478,139.4489,137.8818,139.2954,1625121
2016-01-29,139.2954,139.6352,137.2343,137.5078,1727751
2016-01-30,137.5078,137.8471,136.7938,137.2041,1764927
2016-01-31,137.2041,137.8460,137.1007,137.7393,1854661
2016-02-01,137.7393,139.9273,137.2446,139.6104,607381
2016-02-02,139.6104,139.9146,139.2696,139.8462,103280
2016-02-03,139.8462,140.0518,138.4061,138.9393,279545
2016-02-04,138.9393,140.5938,138.8814,140.2003,1203226
2016-02-05,140.2003,140.4024,137.3014,137.3848,1931508
2016-02-06,137.3848,137.9718,137.2756,137.3963,882871
2016-02-07,137.3963,137.4915,137.3055,137.4169,1637088
2016-02-08,137.4169,137.5232,135.8130,135.9722,1320339
2016-02-09,135.9722,136.3374,135.3706,135.8631,1806051
2016-02-10,135.8631,136.9347,135.2630,136.4537,1535883
2016-02-11,136.4537,136.5928,133.5214,134.0183,232331
2016-02-12,134.0183,134.2224,130.9544,131.8816,177560
2016-02-13,131.8816,131.9957,131.7442,131.7803,750276
2016-02-14,131.7803,133.4337,131.6656,132.2463,1238817
2016-02-15,132.2463,132.2643,131.6493,131.8453,1908035
2016-02-16,131.8453,131.9979,130.0639,130.8358,796096
2016-02-17,130.8358,131.5318,130.0880,130.4530,1022194
2016-02-18,130.4530,131.3963,130.2151,131.0896,491784
2016-02-19,131.0896,131.1006,128.8535,129.2708,1780129
2016-02-20,129.2708,129.6248,128.2361,128.4371,1003048
2016-02-21,128.4371,128.8670,125.8513,126.1710,267916
2016-02-22,126.1710,126.3201,125.5417,125.8206,1035153
2016-02-23,125.8206,126.0597,124.4455,124.5741,188825
2016-02-24,124.5741,124.6936,122.4999,123.3060,1389437
2016-02-25,123.3060,124.5196,122.4139,124.5162,257372
2016-02-26,124.5162,124.6974,123.7520,124.0864,1176019
2016-02-27,124.0864,125.3560,123.8888,124.8200,1374172
2016-02-28,124.8200,124.9956,124.2408,124.6019,364723
2016-02-29,124.6019,127.2660,124.3568,126.9948,1289598
2016-03-01,126.9948,128.3523,126.9504,128.1350,1043556
2016-03-02,128.1350,129.6863,128.0938,129.5678,1210357
2016-03-03,129.5678,129.7943,127.3229,127.5697,684454
2016-03-04,127.5697,127.7849,127.5292,127.5970,911571
2016-03-05,127.5970,127.7610,125.7318,125.8295,1725218
2016-03-06,125.8295,126.2391,125.4393,125.7486,1130121
2016-03-07,125.7486,125.8113,125.5516,125.7455,255298
2016-03-08,125.7455,125.9850,122.5387,122.6872,1530109
2016-03-09,122.6872,123.9855,122.4684,122.9251,1500561
2016-03-10,122.9251,123.0357,121.8910,122.6391,1885435
2016-03-11,122.6391,122.9567,121.3712,121.8516,1568466
2016-03-12,121.8516,122.3460,120.0081,120.1912,521486
2016-03-13,120.1912,120.2604,119.9191,120.1749,1136039
2016-03-14,120.1749,122.0831,119.7328,122.0066,1256887
2016-03-15,122.0066,124.4986,121.4533,123.9691,237883
2016-03-16,123.9691,125.3383,121.7669,121.8537,1713054
2016-03-17,121.8537,122.2565,119.8722,120.1262,362829
2016-03-18,120.1262,122.2770,119.6087,122.1863,822499
2016-03-19,122.1863,123.3748,121.6890,122.8951,1256167
2016-03-20,122.8951,123.0750,121.9410,122.3230,1920771
2016-03-21,122.3230,122.5006,121.9544,122.0187,420896
2016-03-22,122.0187,122.2238,121.5133,121.7527,1188207
2016-03-23,121.7527,122.3107,120.9289,121.3607,625557
2016-03-24,121.3607,123.4600,121.2827,122.5915,1388549
2016-03-25,122.5915,125.0844,122.5007,124.6522,453655
2016-03-26,124.6522,124.9211,122.7788,123.0242,1991632
2016-03-27,123.0242,125.4356,122.5888,124.8669,1281992
2016-03-28,124.8669,127.9801,124.0706,127.7841,1716951
2016-03-29,127.7841,130.1343,127.5261,129.6343,1708429
2016-03-30,129.6343,129.8706,126.9309,127.7198,1244158
2016-03-31,127.7198,128.5911,126.7895,128.3531,1112808
2016-04-01,128.3531,129.1678,128.0014,128.4687,1544127
2016-04-02,128.4687,129.8261,128.3163,129.4374,1115548
2016-04-03,129.4374,129.5159,127.6088,128.0821,769655
2016-04-04,128.0821,130.5837,127.3228,130.5067,936169
2016-04-05,130.5067,131.8371,130.1889,131.5590,1078263
2016-04-06,131.5590,131.8687,130.7634,131.0624,395441
2016-04-07,131.0624,132.3449,130.6567,132.1573,620660
2016-04-08,132.1573,134.4834,131.9587,133.6423,1805986
2016-04-09,133.6423,134.1076,132.4251,132.6845,1144938
2016-04-10,132.6845,135.6609,132.6732,135.2062,1943555
2016-04-11,135.2062,135.2881,134.6541,135.1069,604844
2016-04-12,135.1069,135.1890,134.1174,134.4848,205990
2016-04-13,134.4848,135.0186,133.7544,134.0855,699257
2016-04-14,134.0855,134.8446,131.9303,132.1058,1003721
2016-04-15,132.1058,133.1932,131.8380,132.9601,194880
2016-04-16,132.9601,134.6220,132.6569,134.1976,508221
2016-04-17,134.1976,134.4502,133.0304,133.3612,1253133
2016-04-18,133.3612,134.7598,132.1794,134.5345,1526899
2016-04-19,134.5345,134.6706,133.5933,133.9121,811113
2016-04-20,133.9121,135.1862,133.7759,134.8255,402550
2016-04-21,134.8255,135.9199,134.7023,135.4597,387386
2016-04-22,135.4597,135.6530,134.7452,135.4866,1189119
2016-04-23,135.4866,135.6347,133.0194,133.3744,1385697
2016-04-24,133.3744,133.5413,132.8993,133.2623,1392895
2016-04-25,133.2623,133.5987,132.8111,133.1985,1216397
2016-04-26,133.1985,136.3176,133.1658,135.7945,1095921
2016-04-27,135.7945,136.8082,135.2700,136.4488,1324112
2016-04-28,136.4488,136.7594,131.6186,132.4136,1928924
2016-04-29,132.4136,132.4990,131.2761,132.2999,1741868
2016-04-30,132.2999,133.5022,132.2088,132.9859,577192
2016-05-01,132.9859,133.5054,132.3666,132.6349,1399680
2016-05-02,132.6349,134.6899,132.2504,134.6291,1823148
2016-05-03,134.6291,134.7219,134.2990,134.4835,139714
2016-05-04,134.4835,134.8753,134.1095,134.2614,966040
2016-05-05,134.2614,134.6468,133.5425,133.6835,1930431
2016-05-06,133.6835,134.0582,129.6314,130.1444,1580117
2016-05-07,130.1444,131.0630,129.8831,130.8589,1202005
2016-05-08,130.8589,133.6609,130.1713,132.9462,1063984
2016-05-09,132.9462,134.4096,132.5283,134.2162,1611888
2016-05-10,134.2162,136.7503,133.5574,136.4390,654407
2016-05-11,136.4390,136.6096,135.6308,135.6422,571580
2016-05-12,135.6422,138.8441,135.2268,137.7490,1717269
2016-05-13,137.7490,138.0223,137.4027,137.5032,831493
2016-05-14,137.5032,138.3976,135.7932,136.1470,1613439
2016-05-15,136.1470,136.3530,135.8744,136.0519,927394
2016-05-16,136.0519,136.4747,133.7369,134.6502,1787401
2016-05-17,134.6502,135.0584,134.4927,134.9640,1027729
2016-05-18,134.9640,135.3381,134.2517,134.8089,548762
2016-05-19,134.8089,135.9152,134.2391,135.4326,387882
2016-05-20,135.4326,135.9492,134.0149,134.4349,601810
2016-05-21,134.4349,135.1760,133.8709,134.5756,210081
2016-05-22,134.5756,134.8678,133.9442,134.1564,1090702
2016-05-23,134.1564,136.8279,133.6478,136.4131,431226
2016-05-24,136.4131,137.3062,135.8847,136.5078,1942137
2016-05-25,136.5078,136.5981,134.1750,134.1873,698559
2016-05-26,134.1873,134.7223,132.1989,132.8899,287612
2016-05-27,132.8899,133.1268,132.1938,132.2487,178220
2016-05-28,132.2487,132.4592,129.0652,129.1899,1950201
2016-05-29,129.1899,131.8874,128.4718,131.1060,1752473
2016-05-30,131.1060,132.7380,131.0792,131.8096,1929326
2016-05-31,131.8096,135.0999,131.2981,134.7292,325025
2016-06-01,134.7292,135.2073,134.5706,134.8781,1052839
2016-06-02,134.8781,136.9619,133.9230,136.9267,1884801
2016-06-03,136.9267,137.4307,136.9180,137.1025,1796205
2016-06-04,137.1025,138.0345,136.7958,137.8743,490487
2016-06-05,137.8743,138.6022,137.8412,138.2277,718710
2016-06-06,138.2277,138.5160,135.3516,135.7134,1981235
2016-06-07,135.7134,138.9666,135.4727,138.6025,787712
2016-06-08,138.6025,141.0716,138.5113,140.7460,778641
2016-06-09,140.7460,141.6727,140.7266,141.6269,904413
2016-06-10,141.6269,142.6236,141.2816,141.9138,1615994
2016-06-11,141.9138,142.2111,141.3847,141.5309,854035
2016-06-12,141.5309,141.6732,141.0778,141.3452,950220
2016-06-13,141.3452,142.7337,140.4611,142.3556,1961854
2016-06-14,142.3556,142.7086,141.2582,141.9599,718738
2016-06-15,141.9599,144.7456,141.7374,144.5393,380114
2016-06-16,144.5393,144.6046,142.2622,142.6752,1572076
2016-06-17,142.6752,143.1352,142.4408,142.5877,1227256
2016-06-18,142.5877,144.4052,142.5396,143.6424,1349513
2016-06-19,143.6424,143.7669,140.9499,141.0751,1036898
2016-06-20,141.0751,141.1457,139.3467,139.5240,1838065
2016-06-21,139.5240,139.9986,138.9999,139.1460,1301042
2016-06-22,139.1460,139.2032,137.9258,138.1991,1526682
2016-06-23,138.1991,138.3508,136.2863,136.8081,290718
2016-06-24,136.8081,138.5377,136.6029,138.2704,971208
2016-06-25,138.2704,138.7385,138.2321,138.6004,1069677
2016-06-26,138.6004,138.9161,137.6480,137.9622,106323
2016-06-27,137.9622,138.1771,137.4185,138.1628,194979
2016-06-28,138.1628,138.4596,135.7675,135.9065,1975312
2016-06-29,135.9065,136.7686,135.3878,135.7866,166552
2016-06-30,135.7866,136.0363,135.1926,135.5767,1629430
2016-07-01,135.5767,137.6179,135.2396,137.3561,1969262
2016-07-02,137.3561,137.9159,134.5956,134.9229,1531789
2016-07-03,134.9229,135.7269,133.8980,134.0811,378899
2016-07-04,134.0811,134.3868,133.0449,133.2605,1209063
2016-07-05,133.2605,135.8586,132.4646,135.0753,1850747
2016-07-06,135.0753,135.4517,134.8939,135.4498,1241784
2016-07-07,135.4498,138.1562,135.2677,137.7974,581640
2016-07-08,137.7974,138.2300,137.6413,137.8488,1620485
2016-07-09,137.8488,141.7308,137.7435,141.7202,1484534
2016-07-10,141.7202,142.0724,139.1598,139.2151,532184
2016-07-11,139.2151,139.7264,138.8152,139.0450,1036254
2016-07-12,139.0450,139.4198,136.3039,136.9475,943611
2016-07-13,136.9475,138.2652,136.7560,137.7877,1682061
2016-07-14,137.7877,138.2913,137.4462,138.1846,1810827
2016-07-15,138.1846,138.6545,137.9063,138.1787,1311052
2016-07-16,138.1787,138.5362,136.0342,136.1830,400438
2016-07-17,136.1830,137.9595,136.1385,137.4610,967298
2016-07-18,137.4610,137.6000,136.5022,137.3060,467280
2016-07-19,137.3060,137.6116,135.9486,136.2556,1139392
2016-07-20,136.2556,137.8309,136.0068,137.7207,1199878
2016-07-21,137.7207,137.9001,136.0936,136.4795,412932
2016-07-22,136.4795,136.7278,135.8900,136.1848,572581
2016-07-23,136.1848,136.3856,135.3184,135.9256,1789835
2016-07-24,135.9256,135.9579,135.0461,135.4059,1211473
2016-07-25,135.4059,136.5157,135.1798,136.3126,526428
2016-07-26,136.3126,136.4580,135.6455,136.0191,1223309
2016-07-27,136.0191,136.5764,135.7572,136.5341,663004
2016-07-28,136.5341,136.9234,134.8084,134.9610,1787474
2016-07-29,134.9610,135.1906,134.3128,135.1428,1271994
2016-07-30,135.1428,135.6704,134.8554,135.3983,132157
2016-07-31,135.3983,135.4610,134.4090,134.6638,1654986
2016-08-01,134.6638,140.5103,134.3652,139.4032,1367521
2016-08-02,139.4032,139.7163,139.0004,139.5957,601913
2016-08-03,139.5957,139.8284,136.5105,136.8817,853421
2016-08-04,136.8817,138.4324,136.5198,138.2918,1951390
2016-08-05,138.2918,138.2950,137.1019,137.5634,1861043
2016-08-06,137.5634,137.6822,137.1221,137.3732,756245
2016-08-07,137.3732,137.6460,135.5424,135.5834,646882
2016-08-08,135.5834,137.0218,135.4063,136.5095,1609974
2016-08-09,136.5095,136.6261,135.5269,135.7183,1847688
2016-08-10,135.7183,137.1552,135.2035,137.1412,1536227
2016-08-11,137.1412,137.7366,135.0566,135.7078,1651041
2016-08-12,135.7078,136.1686,135.6932,135.9215,1767184
2016-08-13,135.9215,136.1008,135.1643,135.4124,1965132
2016-08-14,135.4124,135.9742,134.9886,135.1406,223170
2016-08-15,135.1406,135.2568,131.4497,132.1029,201742
2016-08-16,132.1029,133.4840,131.6959,133.4469,1866944
2016-08-17,133.4469,133.5568,132.9008,133.0642,1056321
2016-08-18,133.0642,134.3925,132.6683,134.0027,1498286
2016-08-19,134.0027,137.6461,133.9640,137.2791,1216130
2016-08-20,137.2791,137.3394,137.0393,137.0596,1210269
2016-08-21,137.0596,137.5612,136.6221,136.7328,1563516
2016-08-22,136.7328,138.9931,136.0728,138.6470,475949
2016-08-23,138.6470,139.3776,138.4858,139.2605,1204058
2016-08-24,139.2605,140.1725,138.8697,140.1665,1767102
2016-08-25,140.1665,140.4117,138.4518,138.8985,1562210
2016-08-26,138.8985,140.2200,138.2732,140.1236,1878106
2016-08-27,140.1236,145.3536,140.0608,144.7018,949930
2016-08-28,144.7018,145.1015,143.9965,144.3744,217681
2016-08-29,144.3744,144.8855,141.9231,142.6408,1452468
2016-08-30,142.6408,144.4310,142.1008,144.3112,1899273
2016-08-31,144.3112,148.1197,144.0379,147.9656,1990106
2016-09-01,147.9656,148.5928,146.6899,147.3711,1097196
2016-09-02,147.3711,148.3664,146.7266,146.8697,1238817
2016-09-03,146.8697,146.9748,145.5452,145.5891,1883475
2016-09-04,145.5891,146.6134,143.2449,143.8608,1594664
2016-09-05,143.8608,144.2884,141.5036,142.3899,727629
2016-09-06,142.3899,143.3523,142.1748,143.0809,1980150
2016-09-07,143.0809,143.4897,141.5348,141.6402,1651358
2016-09-08,141.6402,145.9073,141.5593,144.9068,825319
2016-09-09,144.9068,145.3466,142.7609,142.9130,1858828
2016-09-10,142.9130,145.2906,142.4776,145.0179,1722262
2016-09-11,145.0179,145.3028,142.9694,143.5109,1743219
2016-09-12,143.5109,145.5613,142.8787,145.5377,1005650
2016-09-13,145.5377,149.0713,145.0046,148.8383,897070
2016-09-14,148.8383,151.3197,148.6285,150.9972,272046
2016-09-15,150.9972,151.0471,147.8612,148.2935,1743937
2016-09-16,148.2935,148.8376,146.2926,146.3774,110895
2016-09-17,146.3774,147.6168,146.2103,147.1684,1696659
2016-09-18,147.1684,147.4020,146.8965,147.0812,1263374
2016-09-19,147.0812,149.0979,147.0651,148.8900,287944
2016-09-20,148.8900,149.0468,148.1181,148.4400,907902
2016-09-21,148.4400,148.8989,147.5227,147.5581,1734036
2016-09-22,147.5581,151.3642,146.5446,150.8701,1299487
2016-09-23,150.8701,151.5523,148.0019,148.0912,455470
2016-09-24,148.0912,149.3781,147.9308,149.0882,1011582
2016-09-25,149.0882,149.2073,148.7156,149.1459,1741370
2016-09-26,149.1459,150.5422,149.1325,150.3826,1345302
2016-09-27,150.3826,153.3170,150.0485,152.9397,384142
2016-09-28,152.9397,153.9931,151.1512,151.4635,1786270
2016-09-29,151.4635,154.0147,151.0907,153.6929,1003067
2016-09-30,153.6929,156.0302,153.4467,155.1848,772483
2016-10-01,155.1848,155.7568,154.6203,155.0534,1104556
2016-10-02,155.0534,156.1592,152.8230,153.1971,1557432
2016-10-03,153.1971,154.0055,152.0384,152.9298,1739919
2016-10-04,152.9298,153.4907,152.7438,153.0452,338840
2016-10-05,153.0452,153.3243,151.2732,151.3987,1244267
2016-10-06,151.3987,153.4601,150.6771,152.7518,1585553
2016-10-07,152.7518,153.4859,151.9588,153.2797,1843324
2016-10-08,153.2797,154.0756,151.9826,152.1150,1147114
2016-10-09,152.1150,152.3636,150.0555,150.3494,629911
2016-10-10,150.3494,150.9498,148.7844,148.8270,1353958
2016-10-11,148.8270,149.2750,148.1191,148.1776,1162443
2016-10-12,148.1776,151.8138,148.0716,151.3899,853987
2016-10-13,151.3899,151.9134,150.5972,151.6643,1345330
2016-10-14,151.6643,151.8107,151.1201,151.1990,844507
2016-10-15,151.1990,151.5125,148.0605,148.5916,1281158
2016-10-16,148.5916,151.3598,147.9898,151.2896,1769817
2016-10-17,151.2896,153.1701,151.2616,153.1095,642613
2016-10-18,153.1095,154.4255,152.4547,153.6731,563537
2016-10-19,153.6731,154.1060,152.5488,152.7013,1719719
2016-10-20,152.7013,153.3352,150.6045,151.5299,1112444
2016-10-21,151.5299,157.0919,151.2420,156.7058,280050
2016-10-22,156.7058,160.8304,156.4500,160.0699,1054901
2016-10-23,160.0699,161.5182,159.5006,161.3927,830438
2016-10-24,161.3927,161.4703,159.2310,159.3686,729699
2016-10-25,159.3686,160.0922,157.6106,157.8172,147364
2016-10-26,157.8172,160.0072,157.6918,159.4459,1652919
2016-10-27,159.4459,159.4572,158.1552,158.4493,435828
2016-10-28,158.4493,158.8869,156.6834,157.5043,1420703
2016-10-29,157.5043,158.6059,156.8850,158.3339,1006251
2016-10-30,158.3339,158.8077,155.5242,155.9035,1000837
2016-10-31,155.9035,156.4630,154.0988,154.5645,531561
2016-11-01,154.5645,155.2764,153.9099,154.0829,1776677
2016-11-02,154.0829,154.2892,151.5767,151.7878,783639
2016-11-03,151.7878,152.3228,151.5354,152.1106,1440307
2016-11-04,152.1106,152.2862,149.8695,150.2817,923224
2016-11-05,150.2817,150.4985,148.5375,148.8871,1806532
2016-11-06,148.8871,149.2576,146.1713,146.8732,1388667
2016-11-07,146.8732,147.2263,144.5578,144.6817,345259
2016-11-08,144.6817,146.1677,144.0725,145.8928,1171277
2016-11-09,145.8928,146.2730,143.7151,144.1194,1120621
2016-11-10,144.1194,144.5575,142.8294,143.3267,1453208
2016-11-11,143.3267,144.4299,143.1496,144.3173,492374
2016-11-12,144.3173,145.7741,143.8816,145.5853,212430
2016-11-13,145.5853,149.2912,145.2989,148.4706,905189
2016-11-14,148.4706,149.1291,148.3515,148.6137,1138027
2016-11-15,148.6137,148.8940,146.7794,146.8977,450755
2016-11-16,146.8977,146.9935,145.0230,145.0771,1696051
2016-11-17,145.0771,145.2992,145.0206,145.1888,1737330
2016-11-18,145.1888,147.3367,144.9987,146.6379,1706249
2016-11-19,146.6379,146.6534,144.2566,144.5639,1238976
2016-11-20,144.5639,144.7482,143.6185,143.9885,1825140
2016-11-21,143.9885,144.8716,143.7055,144.1417,991614
2016-11-22,144.1417,145.2614,143.6532,144.6080,1675685
2016-11-23,144.6080,145.5766,144.2761,144.6918,1908163
2016-11-24,144.6918,145.1838,144.2654,144.9934,346176
2016-11-25,144.9934,145.5439,144.7778,145.2276,835326
2016-11-26,145.2276,145.6119,142.6512,143.1028,997931
2016-11-27,143.1028,143.8089,143.0241,143.6051,224482
2016-11-28,143.6051,145.2483,143.3788,144.7640,1351701
2016-11-29,144.7640,144.8566,143.2009,143.3020,660659
2016-11-30,143.3020,143.7958,141.8174,141.9682,1987762
2016-12-01,141.9682,142.1403,140.9434,141.6691,224331
2016-12-02,141.6691,142.5219,140.9657,141.0058,366103
2016-12-03,141.0058,141.2211,140.5368,140.7627,619159
2016-12-04,140.7627,142.0209,140.1302,141.9749,1126469
2016-12-05,141.9749,143.9887,141.6880,143.5142,258369
2016-12-06,143.5142,144.1063,141.6864,142.3412,295233
2016-12-07,142.3412,142.7486,139.7467,140.0397,1053565
2016-12-08,140.0397,140.3957,136.7186,136.8310,105186
2016-12-09,136.8310,139.6141,135.9153,139.0210,1431357
2016-12-10,139.0210,141.7203,138.6840,141.5150,232814
2016-12-11,141.5150,142.4389,140.7383,142.0273,1137492
2016-12-12,142.0273,142.1203,140.6318,141.4229,808323
2016-12-13,141.4229,141.4887,140.1468,140.5928,1975178
2016-12-14,140.5928,140.6474,138.1235,138.2426,308823
2016-12-15,138.2426,138.8050,135.1187,136.0537,431315
2016-12-16,136.0537,136.4788,136.0482,136.4648,997160
2016-12-17,136.4648,137.8312,136.0639,137.2303,433399
2016-12-18,137.2303,139.6178,136.6327,139.0167,295748
2016-12-19,139.0167,139.2782,137.7077,138.3299,447131
2016-12-20,138.3299,141.5091,138.1440,140.9474,1622507
2016-12-21,140.9474,141.2408,140.2216,140.5897,102278
2016-12-22,140.5897,140.6285,138.2741,138.4370,1345036
2016-12-23,138.4370,139.4602,137.7975,138.8384,1813601
2016-12-24,138.8384,139.6172,138.2705,139.0161,1555488
2016-12-25,139.0161,139.5936,138.5147,139.4752,314805
2016-12-26,139.4752,141.6441,139.2333,141.3207,727583
2016-12-27,141.3207,143.8141,141.3162,143.2520,1520059
2016-12-28,143.2520,143.5816,141.9513,142.3619,117772
2016-12-29,142.3619,142.5253,141.4289,141.6035,1669233
2016-12-30,141.6035,142.8342,141.2473,142.5783,1539833
2016-12-31,142.5783,142.6843,141.3013,141.4869,358279
2017-01-01,141.4869,141.8403,140.7290,140.9511,1000493
2017-01-02,140.9511,141.1644,140.5834,140.6132,1260556
2017-01-03,140.6132,141.8849,140.2135,141.3391,697522
2017-01-04,141.3391,142.4785,140.9805,141.8376,732604
2017-01-05,141.8376,141.9983,139.2776,139.8285,495620
2017-01-06,139.8285,140.1885,138.9845,139.8374,601934
2017-01-07,139.8374,141.2775,139.8308,141.0706,1147700
2017-01-08,141.0706,141.1945,140.6283,140.6786,857277
2017-01-09,140.6786,140.8841,140.4470,140.5375,1905257
2017-01-10,140.5375,141.8766,140.2887,141.5004,1087789
2017-01-11,141.5004,142.1990,141.0233,141.2284,135000
2017-01-12,141.2284,141.2653,140.8113,141.0157,1755261
2017-01-13,141.0157,145.0695,140.8078,144.7834,1594491
2017-01-14,144.7834,144.7864,142.9590,143.0121,1225257
2017-01-15,143.0121,143.2522,142.3036,142.3612,275315
2017-01-16,142.3612,142.8365,141.4145,141.6383,1224891
2017-01-17,141.6383,144.8895,141.1380,144.6221,1700597
2017-01-18,144.6221,146.5508,144.0073,145.9799,1630833
2017-01-19,145.9799,147.4161,145.8866,147.1041,612711
